"Check","Status","Detail"
"1. Number of rows is 36","PASS","rows = 36"
"2. Number of columns is 31","PASS","columns = 31"
"3. Column names match the plan","PASS","missing: []  unexpected: []"
"4. All indicator/score columns are numeric","PASS","non-numeric: none"
"4b. State, Type, Region are text","PASS",""
"5. No duplicate States/UTs","PASS","duplicates = 0"
"5b. No stray spaces in State names","PASS",""
"5c. Type has 28 States and 8 UTs","PASS","States = 28  UTs = 8"
"6. No missing values in criterion scores or baseline","PASS",""
"6b. Total missing raw indicator cells","INFO","21 of 612 cells (kept as NA, not imputed)"
"7. Missing_Subindicators equals the real count of NAs per row","PASS",""
"8. Low_Confidence contains only 0 or 1","PASS",""
"8b. Low_Confidence follows the rule (>= 3 missing, or Lakshadweep)","PASS",""
"9. Percentage indicators above 100 (reported by source)","INFO","Immunisation_Pct: 7; Clean_Cooking_Fuel_Pct: 22"
"10. All seven _norm columns lie between 0 and 1","PASS",""
"11. Each _norm column spans exactly 0 to 1 (min = 0, max = 1)","PASS",""
"12. Higher criterion score = better, for every indicator","PASS","17 of 17 indicators have the expected sign"
"13. Lower-is-better indicators were correctly reversed","PASS","7 of 7 correct"
"14. Every criterion varies across states (SD > 0.1)","PASS","Education=0.24, Safety=0.26, Health=0.22, Housing=0.28, Economy=0.23, Environment=0.3, Connectivity=0.25"
"15. Baseline_Score_EqualWeights = mean of the seven scores","PASS","largest difference = 5.71e-05 (scores are stored to 4 decimals)"
"16. Baseline_Rank matches the ranking of the baseline score","PASS",""
