"State","Type","Low_Confidence","Baseline_Rank","Young Professional - Closeness","Young Professional - Rank","Family - Closeness","Family - Rank","Retiree - Closeness","Retiree - Rank","Equal weights - Closeness","Equal weights - Rank"
"Chandigarh","UT",1,1,0.7684,2,0.7627,2,0.6134,18,0.7251,1
"Himachal Pradesh","State",0,3,0.5396,12,0.779,1,0.7754,6,0.7019,2
"Goa","State",0,2,0.7154,3,0.6296,8,0.7369,10,0.6988,3
"Kerala","State",0,4,0.6565,4,0.6581,7,0.784,5,0.6857,4
"Lakshadweep","UT",1,5,0.5288,14,0.7494,4,0.8731,1,0.6639,5
"Uttarakhand","State",0,9,0.5946,7,0.6192,9,0.6824,12,0.641,6
"Karnataka","State",0,8,0.5874,8,0.5993,13,0.8141,3,0.6334,7
"Punjab","State",0,6,0.5762,10,0.759,3,0.5414,25,0.6315,8
"Maharashtra","State",0,11,0.5012,18,0.6651,6,0.7079,11,0.6188,9
"Ladakh","UT",1,7,0.4365,22,0.6709,5,0.8565,2,0.6144,10
"Tamil Nadu","State",0,12,0.5795,9,0.546,19,0.7693,8,0.6093,11
"Sikkim","State",0,13,0.5061,17,0.612,10,0.6448,17,0.599,12
"Gujarat","State",0,14,0.5421,11,0.5936,14,0.6631,14,0.5935,13
"Delhi","UT",0,10,0.8222,1,0.5316,21,0.4566,33,0.5837,14
"Puducherry","UT",0,16,0.5252,16,0.4907,23,0.6031,20,0.583,15
"Jammu and Kashmir","UT",0,15,0.4534,21,0.585,16,0.7443,9,0.5814,16
"Manipur","State",0,17,0.6325,5,0.4405,28,0.5619,22,0.5747,17
"Andhra Pradesh","State",0,18,0.4187,25,0.5648,18,0.8012,4,0.5588,18
"Tripura","State",0,20,0.6294,6,0.5421,20,0.535,28,0.5367,19
"A&N Islands","UT",1,19,0.2905,32,0.6118,11,0.7715,7,0.5352,20
"Mizoram","State",0,21,0.5295,13,0.4251,30,0.6541,16,0.534,21
"Telangana","State",0,22,0.4316,23,0.4423,27,0.6708,13,0.5188,22
"Assam","State",0,23,0.5267,15,0.3935,35,0.6082,19,0.515,23
"Rajasthan","State",0,24,0.4679,19,0.5821,17,0.474,32,0.505,24
"West Bengal","State",0,25,0.4218,24,0.6046,12,0.5301,29,0.493,25
"Dadra and Nagar Haveli and Daman and Diu","UT",0,26,0.3031,30,0.5885,15,0.5385,26,0.4866,26
"Haryana","State",0,27,0.464,20,0.4761,25,0.3893,35,0.4712,27
"Arunachal Pradesh","State",0,28,0.2992,31,0.4127,32,0.6576,15,0.4526,28
"Nagaland","State",0,29,0.321,29,0.4427,26,0.5005,30,0.4434,29
"Uttar Pradesh","State",0,30,0.4093,26,0.4885,24,0.394,34,0.4283,30
"Odisha","State",0,32,0.3463,28,0.4251,29,0.555,23,0.4078,31
"Madhya Pradesh","State",0,31,0.2248,35,0.4924,22,0.5549,24,0.4037,32
"Chhattisgarh","State",0,33,0.3634,27,0.4217,31,0.5384,27,0.4026,33
"Meghalaya","State",0,34,0.2059,36,0.3958,33,0.5645,21,0.3781,34
"Jharkhand","State",0,35,0.2532,34,0.3944,34,0.4829,31,0.3282,35
"Bihar","State",0,36,0.287,33,0.3321,36,0.2523,36,0.2969,36
