"Persona","Rank","State","Closeness","Low_Confidence","Similar_1","Similar_2","Similar_3"
"Young Professional",1,"Delhi",0.8222,FALSE,"Haryana","Chandigarh","Punjab"
"Young Professional",2,"Chandigarh",0.7684,TRUE,"Punjab","Goa","Himachal Pradesh"
"Young Professional",3,"Goa",0.7154,FALSE,"Uttarakhand","Chandigarh","Maharashtra"
"Family",1,"Himachal Pradesh",0.779,FALSE,"Uttarakhand","Maharashtra","Sikkim"
"Family",2,"Chandigarh",0.7627,TRUE,"Punjab","Goa","Himachal Pradesh"
"Family",3,"Punjab",0.759,FALSE,"Chandigarh","Maharashtra","Rajasthan"
"Retiree",1,"Lakshadweep",0.8731,TRUE,"Karnataka","Sikkim","Jammu and Kashmir"
"Retiree",2,"Ladakh",0.8565,TRUE,"Andhra Pradesh","Tamil Nadu","Karnataka"
"Retiree",3,"Karnataka",0.8141,FALSE,"Tamil Nadu","Andhra Pradesh","Maharashtra"
