State,Type,Region,Education_Score,Grade8_Proficiency_Pct,HigherSec_GER_Pct,Crime_Rate,Murders_per_Lakh,Immunisation_Pct,Institutional_Deliveries_Pct,Health_Worker_Density,Kachha_Houses_Pct,Clean_Cooking_Fuel_Pct,Rural_Piped_Water_Pct,Unemployment_Rate_Pct,MPI_Headcount_Pct,Avg_Inflation_PriceStability,AirQuality_PM25,Villages_3G4G_Pct,EVs_per_Lakh,Missing_Subindicators,Low_Confidence,Education_norm,Safety_norm,Health_norm,Housing_norm,Economy_norm,Environment_norm,Connectivity_norm,Baseline_Score_EqualWeights,Baseline_Rank
A&N Islands,UT,Islands,49.333,76.5,65.8,145.7,1.7,79.79,99.34,NA,NA,136.84,100.0,10.3,2.3,6.445,21.78,NA,46.5,3,1,0.4434,0.7232,0.71,1.0,0.0,0.9414,0.0649,0.5547,19
Andhra Pradesh,State,South,43.0,73.5,56.7,289.1,1.7,101.26,99.98,107.96,1.6,103.56,73.38,4.4,6.06,6.354,29.57,91.2,124.953,0,0,0.2058,0.5622,0.9997,0.7466,0.4526,0.8072,0.2608,0.5764,18
Arunachal Pradesh,State,Northeast,50.333,74.5,53.7,160.1,3.6,79.41,93.9,70.52,28.6,78.82,100.0,5.1,13.76,NA,13.093,90.3,1.592,1,0,0.3341,0.287,0.5705,0.3634,0.3989,1.0,0.124,0.4397,28
Assam,State,Northeast,49.667,72.0,40.1,139.2,3.0,85.4,95.91,27.55,2.9,108.17,76.87,1.7,19.35,5.192,31.27,91.9,325.53,0,0,0.1742,0.4185,0.5084,0.7287,0.5659,0.7779,0.4465,0.5171,23
Bihar,State,East,47.667,71.5,35.9,181.9,2.3,83.54,89.73,14.47,11.3,84.32,96.42,4.3,33.76,4.924,73.863,93.4,122.052,0,0,0.121,0.5385,0.2851,0.4069,0.1167,0.0439,0.3686,0.2687,36
Chandigarh,UT,North,59.667,90.5,81.7,266.0,1.5,96.97,99.96,49.69,NA,115.37,NA,4.1,3.52,5.917,51.617,NA,615.161,3,1,0.9562,0.6361,0.7975,1.0,0.6493,0.4273,0.9195,0.7694,1
Chhattisgarh,State,Central,47.667,69.5,68.1,224.3,3.4,96.54,99.52,26.03,11.7,89.21,77.94,2.7,16.37,5.189,47.367,85.7,174.358,0,0,0.304,0.2269,0.6915,0.3105,0.5587,0.5005,0.1281,0.3886,33
Dadra and Nagar Haveli and Daman and Diu,UT,West,60.333,79.75,54.9,58.9,1.3,48.03,99.97,4.79,NA,59.98,100.0,2.6,9.21,7.018,36.367,NA,26.744,2,0,0.6192,0.904,0.3266,0.4146,0.3912,0.6901,0.0352,0.483,26
Delhi,UT,North,52.667,80.0,94.9,1508.9,2.4,105.03,98.11,79.04,0.3,147.05,NA,2.0,3.43,5.835,108.937,97.7,1067.031,1,0,0.7291,0.0158,0.8901,1.0,0.8708,0.0,0.9945,0.6429,10
Goa,State,West,53.333,78.0,73.7,132.8,2.8,91.26,99.96,71.57,0.4,141.92,100.0,10.0,0.84,4.213,33.797,99.0,768.291,0,0,0.6026,0.4736,0.8318,0.9981,0.5243,0.7344,1.0,0.7378,2
Gujarat,State,West,45.333,81.0,48.2,237.7,1.4,95.95,99.94,55.56,1.7,98.29,100.0,1.8,11.66,5.964,45.65,92.4,187.036,0,0,0.3195,0.6919,0.8107,0.9328,0.6194,0.5301,0.3675,0.6103,14
Haryana,State,North,50.0,87.0,75.5,426.3,3.4,91.71,97.87,46.8,0.9,132.36,100.0,6.4,7.07,6.686,75.837,97.2,223.581,0,0,0.7185,0.0,0.6874,0.9806,0.1604,0.0099,0.635,0.456,27
Himachal Pradesh,State,North,59.0,79.5,94.1,180.5,1.1,84.87,95.45,84.73,1.6,114.17,100.0,5.0,4.93,6.336,27.377,97.9,31.578,0,0,0.8348,0.8281,0.7123,0.9562,0.4323,0.845,0.5212,0.7328,3
Jammu and Kashmir,UT,North,42.0,80.5,53.2,184.3,0.7,108.66,97.92,16.91,3.0,122.28,77.12,4.8,4.8,7.232,26.163,97.2,74.963,0,0,0.2878,0.8839,0.6461,0.7271,0.265,0.8659,0.5233,0.5999,15
Jharkhand,State,East,47.333,74.0,46.4,126.6,4.0,97.28,99.4,6.4,9.8,74.97,51.91,1.8,28.81,5.259,51.883,91.5,89.152,0,0,0.2156,0.3246,0.6248,0.0,0.2853,0.4227,0.2489,0.3031,35
Karnataka,State,South,49.0,76.0,56.6,219.1,2.1,98.44,99.98,86.67,2.6,116.39,75.79,2.6,7.58,6.127,26.923,92.8,353.749,0,0,0.3589,0.5448,0.9532,0.7306,0.6287,0.8528,0.5127,0.6545,8
Kerala,State,South,67.333,77.0,85.0,721.7,0.9,85.4,99.85,144.03,0.3,100.18,52.46,8.4,0.55,4.268,20.143,97.3,263.389,0,0,0.8253,0.3759,0.8687,0.6257,0.6662,0.9696,0.6699,0.7145,4
Ladakh,UT,North,49.333,85.0,49.4,152.5,1.7,91.99,99.63,NA,NA,154.37,92.38,6.7,3.53,NA,8.997,NA,21.667,4,1,0.4734,0.7156,0.8811,0.91,0.6219,1.0,0.0276,0.6614,7
Lakshadweep,UT,Islands,49.0,82.5,62.4,110.1,0.0,108.79,100.0,NA,NA,85.74,81.05,11.6,1.11,3.726,25.993,NA,NA,4,1,0.5202,0.9672,1.0,0.5274,0.6129,0.8688,0.4102,0.701,5
Madhya Pradesh,State,Central,52.0,81.0,51.3,342.5,2.3,93.19,98.48,36.72,7.2,91.73,61.4,1.7,20.63,6.717,46.297,89.6,106.291,0,0,0.4637,0.3582,0.677,0.3605,0.2042,0.5189,0.1668,0.3927,31
Maharashtra,State,West,56.0,78.5,71.5,304.3,1.8,101.04,99.66,69.93,1.7,116.84,85.2,3.4,7.81,6.486,40.14,93.1,234.303,0,0,0.6434,0.5211,0.8943,0.8361,0.4688,0.625,0.438,0.6324,11
Manipur,State,Northeast,52.333,81.0,69.9,594.0,1.5,82.93,87.23,53.13,1.5,90.12,78.19,5.0,8.1,1.322,26.31,95.9,37.09,0,0,0.6101,0.2677,0.3653,0.673,0.9294,0.8634,0.4298,0.5912,17
Meghalaya,State,Northeast,39.0,60.0,46.0,81.3,2.2,96.71,71.27,35.41,4.6,68.61,76.53,6.2,27.79,3.24,32.78,87.4,3.839,0,0,0.0,0.6755,0.4046,0.3015,0.2327,0.7519,0.0,0.338,34
Mizoram,State,Northeast,41.333,70.0,61.3,264.4,2.5,101.1,90.69,60.78,4.8,114.03,100.0,2.3,5.3,6.415,32.203,94.4,9.194,0,0,0.1561,0.3979,0.6317,0.8444,0.6635,0.7618,0.3339,0.5413,21
Nagaland,State,Northeast,47.0,76.0,35.8,46.9,0.9,62.18,85.19,8.76,8.0,58.6,86.04,4.6,15.43,5.842,24.32,94.2,2.679,0,0,0.1903,1.0,0.0,0.2325,0.2654,0.8977,0.3191,0.415,29
Odisha,State,East,56.333,77.5,43.6,366.6,3.0,82.02,99.29,50.02,11.3,86.43,72.97,4.3,15.68,4.659,41.203,88.3,129.603,0,0,0.4208,0.1631,0.651,0.2468,0.5382,0.6067,0.1193,0.3923,32
Puducherry,UT,South,43.667,80.0,68.7,201.9,1.9,59.62,99.99,23.62,NA,105.06,100.0,6.1,0.85,5.927,27.517,NA,266.325,2,0,0.4259,0.6121,0.388,1.0,0.5342,0.8426,0.3952,0.5997,16
Punjab,State,North,66.667,91.5,82.1,145.7,2.2,93.96,99.49,77.83,1.1,142.6,100.0,6.7,4.75,5.112,64.5,96.7,110.916,0,0,1.0,0.6032,0.8676,0.9736,0.5345,0.2053,0.5253,0.6728,6
Rajasthan,State,North,55.667,85.0,70.4,289.0,2.3,76.63,99.59,56.13,3.5,114.74,47.71,4.9,15.31,5.608,57.86,97.2,215.931,0,0,0.7465,0.4182,0.635,0.4996,0.2901,0.3197,0.6292,0.5055,24
Sikkim,State,Northeast,53.333,75.0,64.2,74.0,1.3,65.47,99.46,49.35,1.5,86.24,88.56,2.4,2.6,7.531,33.09,95.7,2.899,0,0,0.4767,0.8997,0.508,0.7095,0.5379,0.7465,0.3941,0.6104,13
Tamil Nadu,State,South,45.0,67.0,81.5,264.9,2.2,85.13,99.98,86.51,2.1,102.94,81.87,4.8,2.2,5.462,27.377,92.8,217.333,0,0,0.3252,0.4693,0.8362,0.796,0.7177,0.845,0.4102,0.6285,12
Telangana,State,South,47.0,69.5,64.8,411.0,2.5,106.13,100.0,30.31,1.3,118.49,100.0,4.6,5.88,7.665,32.5,92.5,NA,1,0,0.2671,0.2332,0.7502,0.9667,0.23,0.7567,0.4689,0.5247,22
Tripura,State,Northeast,47.667,77.0,56.3,91.8,2.6,98.0,98.21,38.14,6.4,78.37,78.91,1.5,13.11,4.017,55.527,91.5,345.649,0,0,0.3506,0.5677,0.7177,0.3709,1.0,0.3599,0.4416,0.5441,20
Uttar Pradesh,State,North,49.333,68.0,50.7,181.3,1.5,99.41,94.98,20.72,5.7,107.37,81.07,2.6,22.93,6.138,78.137,94.9,235.381,0,0,0.1758,0.7312,0.5811,0.6639,0.1728,0.0,0.5288,0.4077,30
Uttarakhand,State,North,46.333,77.5,78.8,146.4,1.6,93.72,93.64,51.77,4.2,119.94,93.83,4.9,9.67,5.842,33.767,96.5,413.099,0,0,0.5052,0.7464,0.6169,0.8168,0.4069,0.7349,0.7424,0.6528,9
West Bengal,State,East,49.0,77.5,62.0,157.4,1.7,98.01,99.12,37.48,4.3,107.78,46.64,2.3,11.89,6.363,59.223,93.3,67.625,0,0,0.4268,0.7101,0.7383,0.4716,0.4799,0.2962,0.3228,0.4922,25
